club_id,club_name,league_id,club_total_value,squad_size,club_avg_age,stadium_name,stadium_seats
105,SV Darmstadt 98,L1,,27,25.6,Merck-Stadion am Böllenfalltor,17810
11127,Ural Yekaterinburg,RU1,,30,26.5,Yekaterinburg Arena,23000
114,Beşiktaş Jimnastik Kulübü,TR1,,30,26.6,Beşiktaş Park,42445
12,Associazione Sportiva Roma,IT1,,26,26.3,Olimpico di Roma,70634
148,Tottenham Hotspur Football Club,GB1,,30,25.5,Tottenham Hotspur Stadium,62850
157,Koninklijke Atletiek Associatie Gent,BE1,,30,25.2,Planet Group Arena,20185
1894,Hvidovre IF,DK1,,25,26.4,PRO VENTILATION Arena,12000
190,Football Club København,DK1,,28,26.1,Parken,38065
192,Roda JC Kerkrade,NL1,,25,24.0,Parkstad Limburg Stadion,19979
19789,Yeni Malatyaspor,TR1,,10,22.9,Yeni Malatya Stadyumu,25745
2079,Veria NPS,GR1,,29,24.3,Dimotiko Stadio Verias,6350
21957,AO Platanias,GR1,,0,,Dimotiko Gipedo Perivolia,3700
2414,AC Horsens,DK1,,19,25.1,Nordstern Arena Horsens,10400
2457,B SAD,PO1,,25,24.2,Estádio Nacional do Jamor,37593
2578,Saint Johnstone Football Club,SC1,,26,26.2,McDiarmid Park,10696
269,Kieler Sportvereinigung Holstein von 1900,L1,,29,26.3,Holstein-Stadion,15034
2727,Oud-Heverlee Leuven,BE1,,27,24.9,King Power at Den Dreef Stadion,9809
28643,SK Beveren,BE1,,27,26.8,Freethielstadion,13290
2990,Académica Coimbra,PO1,,26,25.2,Estádio Cidade de Coimbra,29744
3057,Royal Standard Club de Liège,BE1,,28,24.1,Maurice Dufrasne Stadion,27221
3690,SKA Khabarovsk,RU1,,27,25.7,Lenin Stadion,15200
4795,FC Ingolstadt 04,L1,,28,24.3,Audi Sportpark,15800
511,Dundee Football Club,SC1,,26,26.0,Kilmac Stadium at Dens Park,11850
5358,SD Huesca,ES1,,24,27.5,El Alcoraz,9128
603,Cardiff City,GB1,,28,25.5,Cardiff City Stadium,33280
60551,SC Dnipro-1,UKR1,,0,0.0,Dnipro-Arena,31003
6996,Goverla Uzhgorod (- 2016),UKR1,,0,,Avangard,10640
8024,Futebol Clube de Arouca,PO1,,26,26.0,Estádio Municipal de Arouca,5600
868,MKE Ankaragücü,TR1,,34,26.2,Eryaman Stadyumu,20672
903,Hibernian Football Club,SC1,,25,26.9,Easter Road Stadium,20250
969,Montpellier Hérault Sport Club,FR1,,25,26.7,Stade de la Mosson,22000
989,Association Football Club Bournemouth,GB1,,25,24.9,Vitality Stadium,11307
993,Córdoba CF,ES1,,24,27.9,Nuevo Arcángel,21822
1025,Bologna Football Club 1909,IT1,,28,26.3,Stadio Renato Dall’Ara,36462
1082,Lille Olympique Sporting Club,FR1,,26,27.3,Decathlon Arena-Stade Pierre-Mauroy,50186
1160,Nîmes Olympique,FR1,,26,25.4,Stade des Antonins,8033
11688,Giresunspor,TR1,,17,22.5,Çotanak Spor Kompleksi,21500
124,Rangers Football Club,SC1,,25,26.1,Ibrox Stadium,50987
1465,Grupo Desportivo Estoril Praia,PO1,,22,25.5,Estádio António Coimbra da Mota,5100
2477,Karpaty Lviv (-2021),UKR1,,0,,Stadion Ukraina,28051
2553,Kilmarnock Football Club,SC1,,24,27.3,"BBSP Stadium, Rugby Park",18128
2672,APO Levadiakos Football Club,GR1,,29,26.9,Stadio Livadias,5915
2740,Vorskla Poltava,UKR1,,26,25.5,Vorskla im. Oleksiy Butovskyi,23842
3008,Hull City,GB1,,28,25.0,MKM Stadium,25586
31,Liverpool Football Club,GB1,,25,26.6,Anfield,61276
336,Sporting Clube de Portugal,PO1,,26,24.5,Estádio José Alvalade,50095
3911,Stade brestois 29,FR1,,27,26.9,Stade Francis-Le Blé,15220
4,1.FC Nuremberg,L1,,33,25.2,Max-Morlock-Stadion,50000
410,Udinese Calcio,IT1,,30,26.0,Bluenergy Stadium,25144
41231,FC Sochi,RU1,,27,25.3,Fisht Olympic Stadium,45994
4128,Amkar Perm,RU1,,26,26.0,Zvezda,17000
449,Trabzonspor Kulübü,TR1,,27,26.0,Papara Park,40980
4603,AE Larisa,GR1,,28,24.2,Stadio Alkazar,13108
55686,Metalist 1925 Kharkiv,UKR1,,32,25.7,Stadion Kolos,0
566,Beerschot AC,BE1,,0,,Olympisch Stadion,12771
595,SC Bastia,FR1,,25,27.6,Stade Armand-Cesari,16480
6890,İstanbul Başakşehir Futbol Kulübü,TR1,,29,26.7,Başakşehir Fatih Terim,17067
7185,Panthrakikos Komotini,GR1,,29,24.3,Stadio Komotinis OPAP,5601
83678,Metalist Kharkiv,UKR1,,25,26.1,Avangard,10640
932,"Футбольный клуб ""Локомотив"" Москва",RU1,,24,24.9,RZD Arena,27084
1010,Watford FC,GB1,,30,26.3,Vicarage Road,21577
1108,Deportivo Alavés S.A.D.,ES1,,25,26.5,Mendizorroza,19840
1124,FK Fakel Voronezh,RU1,,23,28.4,Fakel,10052
1158,FC Lorient,FR1,,30,25.0,Stade du Moustoir,16787
1177,Silkeborg Idrætsforening,DK1,,22,24.7,JYSK Park,10000
13,Club Atlético de Madrid S.A.D.,ES1,,23,29.3,Riyadh Air Metropolitano,70460
131,Futbol Club Barcelona,ES1,,26,25.0,Olímpic Lluís Companys,55926
133,SC Cambuur Leeuwarden,NL1,,16,23.1,Cambuurstadion,10250
141,Galatasaray Spor Kulübü,TR1,,30,27.1,Ali Sami Yen Spor Kompleksi RAMS Park,53978
1411,RAEC Mons (- 2015),BE1,,0,,Stade Charles Tondreau,12662
169,Panionios Athens,GR1,,34,23.5,Stadio Neas Smyrnis,11700
18,Borussia Verein für Leibesübungen 1900 Mönchengladbach,L1,,26,26.4,Stadion im Borussia-Park,54042
18105,PFK Lviv,UKR1,,3,18.3,Stadion SKIF,3742
2036,1. Fußballclub Heidenheim 1846,L1,,28,26.9,Voith-Arena,15000
273,Stade Rennais Football Club,FR1,,30,25.2,Roazhon Park,29778
3325,GD Chaves,PO1,,29,25.8,Estádio Municipal Eng.º Manuel Branco Teixeira,8396
366,Real Valladolid Club de Fútbol S.A.D.,ES1,,26,27.0,José Zorrilla,27618
4294,Sporting Clube Farense,PO1,,26,27.9,Estádio de São Luís,7000
44006,Bodrumspor Spor Faaliyetleri Anonim Şirketi,TR1,,31,26.9,Grey Beton Bodrum Stadyumu,4243
458,Palermo FC,IT1,,28,25.6,"Comunale Renzo Barbera ""La Favorita""",36365
46,Football Club Internazionale Milano S.p.A.,IT1,,25,29.4,Giuseppe Meazza,75923
5220,GS Ergotelis,GR1,,3,23.3,Pankritio Stadio,25780
5817,Sønderjyske Fodbold,DK1,,27,24.9,Sydbank Park,10100
605,Aris Thessalonikis,GR1,,30,28.3,"Gipedo ""Kleanthis Vikelidis""",22800
995,Football Club de Nantes,FR1,,26,27.1,Stade de la Beaujoire,35322
1003,Leicester City Football Club,GB1,,29,26.9,King Power Stadium,32259
1047,Calcio Como,IT1,,32,26.6,Giuseppe Sinigaglia,13602
1237,Brighton and Hove Albion Football Club,GB1,,28,26.2,AMEX Stadium,31876
1436,SC Beira-Mar,PO1,,26,26.6,Estádio Municipal de Aveiro,32830
1455,FC Dordrecht,NL1,,29,23.3,Matchoholic Stadion,4235
14589,FC Orenburg,RU1,,28,24.1,Gazovik,10046
1519,Dundee United Football Club,SC1,,22,26.7,Tannadice Park,14223
16239,Desna Chernigiv,UKR1,,0,,Stadion im. Yuriya Gagarina,12060
173,Odense Boldklub,DK1,,25,23.4,Nature Energy Park,15790
200,Football Club Utrecht,NL1,,27,25.2,"Stadion ""Galgenwaard""",23750
206,Brøndby Idrætsforening,DK1,,22,25.9,Brøndby Stadion,28000
2715,RFC Seraing,BE1,,22,23.5,Stade du Paray,6744
28956,AEL Kalloni,GR1,,0,,Stadio Mytilinis,4000
2969,Dijon FCO,FR1,,29,25.8,Stade Gaston-Gérard,16098
2995,FC Paços de Ferreira,PO1,,32,25.5,Estádio Capital do Móvel,9076
3426,Esbjerg fB,DK1,,27,22.7,Blue Water Arena,16942
3522,Spezia Calcio,IT1,,32,24.4,Alberto Picco,11676
3609,Rotor Volgograd,RU1,,27,23.9,Volgograd Arena,45568
39097,FK Obolon Kyiv,UKR1,,26,28.1,Obolon-Arena,5103
39722,Erzurumspor FK,TR1,,28,26.1,Erzurum Kazım Karabekir,23700
40,FC Girondins Bordeaux,FR1,,26,22.7,Matmut Atlantique,42115
41274,Koninklijke Beerschot Voetbalclub Antwerpen,BE1,,30,24.3,Olympisch Stadion,12771
43,Heart of Midlothian Football Club,SC1,,29,27.0,Tynecastle Park,19852
47,Iraklis Thessaloniki,GR1,,27,24.3,Kaftanzoglio Stadio,27770
4750,SC Olhanense,PO1,,10,23.4,Estádio José Arcanjo,10080
589,Antalyaspor,TR1,,29,27.4,Corendon Airlines Park Antalya Stadı,29307
6,Adanaspor,TR1,,10,23.9,Yeni Adana Stadyumu,33000
6195,Società Sportiva Calcio Napoli,IT1,,25,28.0,Diego Armando Maradona,54726
82,Verein für Leibesübungen Wolfsburg,L1,,30,25.7,Volkswagen Arena,28917
1050,Villarreal Club de Fútbol S.A.D.,ES1,,24,27.4,La Cerámica,23500
1096,Royal Antwerp Football Club,BE1,,32,24.3,De Bosuil,16152
1147,AC Ajaccio,FR1,,24,27.5,Stade François-Coty,10446
130,Parma Calcio 1913,IT1,,31,24.8,Ennio Tardini,22352
1429,Cesena FC,IT1,,28,26.0,Orogel Stadium - Dino Manuzzi,23860
15,Bayer 04 Leverkusen Fußball,L1,,26,26.8,BayArena,30210
16247,PFK Stal Kamyanske (-2018),UKR1,,0,,Obolon,5100
20100,FC Vestsjaelland,DK1,,0,,Harboe Arena,10000
20698,Balikesirspor,TR1,,22,22.0,Balıkesir Atatürk,15800
2323,Orduspor,TR1,,3,20.0,19 Eylül Stadyum,11024
2722,SPAL,IT1,,32,26.0,Paolo Mazza,16134
276,Verona Hellas Football Club,IT1,,32,25.3,Marcantonio Bentegodi,39211
3329,Futebol Clube de Famalicão,PO1,,27,23.9,Estádio Municipal de Famalicão,5186
3691,Tom Tomsk,RU1,,0,,Trud,10028
370,Aberdeen Football Club,SC1,,26,25.7,Pittodrie Stadium,20866
475,Koninklijke Sint-Truidense Voetbalvereniging,BE1,,29,25.4,Daio Wasabi Stayen Stadium,11756
49364,FC Ingulets Petrove,UKR1,,25,23.3,Stadion Ingulets,1869
498,KSC Lokeren (- 2020),BE1,,0,,Daknamstadion,12000
524,Gaziantepspor (- 2020),TR1,,0,,Gaziantep Stadyumu,33502
553,Ionikos Nikeas,GR1,,17,28.4,Dimotiko Gipedo Neapolis,5500
642,De Graafschap Doetinchem,NL1,,30,23.7,"Stadion ""De Vijverberg""",12600
6676,A.G.S Asteras Tripolis,GR1,,30,27.7,Gipedo Theodoros Kolokotronis,7423
703,Nottingham Forest Football Club,GB1,,24,27.2,The City Ground,30404
80,Verein für Leibesübungen Bochum 1848 Fußballgemeinschaft,L1,,27,27.4,Vonovia Ruhrstadion,26000
976,CF União Madeira (-2021),PO1,,0,,Centro Desportivo da Madeira,2500
1031,Luton Town,GB1,,30,26.1,Kenilworth Road,11850
1071,Wigan Athletic,GB1,,26,24.0,DW Stadium,25133
1090,Alkmaar Zaanstreek,NL1,,29,24.1,AFAS Stadion,19478
1110,Huddersfield Town,GB1,,33,26.7,John Smith's Stadium,24500
11126,Mordovia Saransk (-2020),RU1,,0,,Mordovia Arena,44442
1159,AS Nancy-Lorraine,FR1,,27,25.7,Stade Marcel-Picot,20087
12438,Volga Nizhniy Novgorod (- 2016),RU1,,0,,Zentralstadion Lokomotiv,17856
1301,CS Marítimo,PO1,,29,27.2,Estádio do Marítimo,10600
1304,Heracles Almelo,NL1,,29,24.7,Asito Stadion,12080
1421,Stade de Reims,FR1,,25,24.9,Stade Auguste-Delaune,20519
1423,Valenciennes FC,FR1,,30,23.6,Stade du Hainaut,25000
162,Association sportive de Monaco Football Club,FR1,,26,24.4,Stade Louis-II,18525
20,Bursaspor,TR1,,26,21.4,Bursa Büyükşehir Belediye Stadyumu,43361
235,Rooms Katholieke Combinatie Waalwijk,NL1,,30,26.5,Mandemakers Stadion,7508
24,Eintracht Frankfurt Fußball AG,L1,,27,25.4,Deutsche Bank Park,58000
2441,Athlitiki Enosi Konstantinoupoleos,GR1,,27,29.7,OPAP Arena,32500
2861,KV Oostende,BE1,,26,23.3,Diaz Arena,8432
294,Sport Lisboa e Benfica,PO1,,27,25.4,Estádio da Luz,65592
3060,APS Atromitos Athinon,GR1,,25,26.9,Stadio Peristeriou,9050
331,Club Atlético Osasuna,ES1,,22,28.5,El Sadar,23576
3336,Desportivo Aves (- 2020),PO1,,0,,Estádio CD das Aves,5441
3709,Getafe Club de Fútbol S.A.D. Team Dubai,ES1,,24,27.2,Coliseum,16800
383,Eindhovense Voetbalvereniging Philips Sport Vereniging,NL1,,27,25.9,Philips Stadion,35119
499,Vitesse Arnhem,NL1,,25,21.3,GelreDome,21248
610,AFC Ajax Amsterdam,NL1,,28,25.6,Johan Cruijff ArenA,55885
6414,Metalist Kharkiv (- 2016),UKR1,,0,,OSK Metalist,38685
6993,FK Mariupol,UKR1,,0,,Stadion im. Volodymyra Boyko,12680
71985,Akron Togliatti,RU1,,25,25.4,Samara-Arena,44918
750,FC Sochaux-Montbéliard,FR1,,29,23.0,Stade Auguste-Bonal,20005
762,Newcastle United Football Club,GB1,,27,28.7,St James' Park,52258
825,Eskisehirspor,TR1,,41,23.9,Eskişehir Yeni Stadyum,34930
86209,FK Livyi Bereh,UKR1,,24,26.3,Arena Livyi Bereg,4700
1041,Olympique Lyonnais,FR1,,23,26.6,Groupama Stadium,59186
10690,FC Zorya Lugansk,UKR1,,26,24.7,Valeriy Lobanovsky Stadion,16873
1084,Málaga CF,ES1,,27,27.9,La Rosaleda,30044
1148,Brentford Football Club,GB1,,26,25.4,Gtech Community Stadium,17250
1162,SM Caen,FR1,,27,25.7,Stade Michel-d'Ornano,20500
1184,Koninklijke Racing Club Genk,BE1,,26,22.8,Cegeka Arena,22889
1186,Torpedo Moscow,RU1,,28,25.6,Luzhniki Stadium,81000
128,AO Xanthi,GR1,,0,,Xanthi Arena,7361
1283,FC Emmen,NL1,,17,25.6,De Oude Meerdijk,8309
142,Real Zaragoza,ES1,,23,26.0,La Romareda,33608
16,Borussia Dortmund,L1,,28,25.2,SIGNAL IDUNA PARK,81365
202,Football Club Groningen,NL1,,28,24.5,Euroborg,22555
2288,Swansea City,GB1,,22,24.8,Swansea.com Stadium,21088
237,Real Club Deportivo Mallorca S.A.D.,ES1,,24,28.9,Mallorca Son Moix,26020
2381,Sivasspor Kulübü,TR1,,31,28.2,BG Grup 4 Eylül Stadyumu,27817
2423,Clube Desportivo Santa Clara,PO1,,24,26.0,Estádio de São Miguel,12500
2425,Rio Ave Futebol Clube,PO1,,26,24.2,Estádio do Rio Ave FC,5300
2451,Inverness Caledonian Thistle FC,SC1,,26,24.5,Tulloch Caledonian Stadium,7750
265,Panathinaikos Athlitikos Omilos,GR1,,33,28.4,"Olympiakó Stádio Athinon ""Spyros Louis""",69618
2832,Gaziantep Futbol Kulübü A.Ş.,TR1,,27,27.2,Gaziantep Stadyumu,30320
35,Fußball-Club St. Pauli von 1910,L1,,34,26.6,Millerntor-Stadion,29546
3558,GFC Ajaccio,FR1,,5,26.8,Stade Ange-Casanova,4050
4102,AC Carpi,IT1,,25,23.6,Sandro Cabassi,5510
42,Hannover 96,L1,,28,25.0,Heinz-von-Heiden-Arena,49000
641,Middlesbrough FC,GB1,,25,26.1,Riverside Stadium,33746
667,Racing Club de Strasbourg Alsace,FR1,,26,22.7,Stade de la Meinau,26109
681,Real Sociedad de Fútbol S.A.D.,ES1,,26,25.4,Reale Arena,39313
873,Crystal Palace Football Club,GB1,,27,26.1,Selhurst Park,25486
1032,Reading FC,GB1,,30,23.1,Select Car Leasing Stadium,24161
1039,Queens Park Rangers,GB1,,26,25.9,Loftus Road Stadium,18360
1244,Club Deportivo Leganés S.A.D.,ES1,,23,28.2,Butarque,12454
14171,Thonon Évian Grand Genève FC,FR1,,27,27.4,Stade Camille Fournier,2500
16704,FK Krasnodar,RU1,,21,28.1,Stadion Krasnodar,35179
19771,Akhisarspor,TR1,,14,21.0,Spor Toto Akhisar Stadyumu,12139
244,Olympique de Marseille,FR1,,27,26.6,Orange Vélodrome,67394
29228,Royal Excel Mouscron (-2022),BE1,,0,,Le Canonnier,10830
3216,Mersin Talimyurdu SK,TR1,,0,,Mersin Stadyumu,25000
3508,SV Zulte Waregem,BE1,,25,25.2,Elindus Arena,12250
354,Yellow-Red Koninklijke Voetbalclub Mechelen,BE1,,29,25.5,AFAS Stadion,16672
367,Rayo Vallecano de Madrid S.A.D.,ES1,,25,29.9,Estadio de Vallecas,14708
379,West Ham United Football Club,GB1,,27,28.5,London Stadium,62500
380,US Salernitana 1919,IT1,,30,24.5,Arechi,29739
403,Willem II,NL1,,26,24.8,Koning Willem II Stadion,14700
40426,FC Tosno (-2018),RU1,,0,,Petrovsky,20985
41,Hamburger SV,L1,,30,23.6,Volksparkstadion,57000
443,Vejle Boldklub,DK1,,27,25.5,Vejle Stadion,10418
5724,Randers Fodbold Club,DK1,,26,25.2,Cepheus Park Randers,10300
601,Koninklijke Voetbalclub Kortrijk,BE1,,28,24.6,Guldensporenstadion,8974
79,Verein für Bewegungsspiele Stuttgart 1893,L1,,35,24.1,MHPArena Stuttgart,60449
86,Sportverein Werder Bremen von 1899,L1,,27,26.6,Weserstadion,42100
931,Fulham Football Club,GB1,,25,28.3,Craven Cottage,29589
964,AO FK Zenit Sankt-Peterburg,RU1,,28,27.0,Gazprom Arena,63026
1123,Norwich City,GB1,,25,26.0,Carrow Road,27244
1268,ADO Den Haag,NL1,,34,23.5,Bingoal Stadion,15000
1506,Kardemir Karabükspor,TR1,,0,,Dr. Necmettin Şeyhoğlu,12400
1531,Elche CF,ES1,,18,27.3,Manuel Martínez Valero,31388
2282,Club Brugge Koninklijke Voetbalvereniging,BE1,,26,24.4,Jan Breydelstadion,29062
2293,Konyaspor,TR1,,31,27.3,Medaş Konya Büyükşehir Stadyumu,41600
23611,Olimpik Donetsk,UKR1,,0,,NTK im. B. M. Bannikova,1678
2431,Club Football Estrela da Amadora,PO1,,28,26.2,Estádio José Gomes,9288
2698,FC Rubin Kazan,RU1,,24,26.5,Ak Bars Arena,45379
2760,Partick Thistle FC,SC1,,19,27.9,The Energy Check Stadium at Firhill,10102
2944,Ankaraspor,TR1,,30,23.8,Osmanlı Stadı,19626
36,Fenerbahçe Spor Kulübü,TR1,,29,28.9,Ülker Stadyumu FB Şükrü Saraçoğlu Spor Kompleksi,47430
385,Fortuna Sittardia Combinatie,NL1,,26,26.1,Fortuna Sittard Stadion,12800
468,Sparta Rotterdam,NL1,,25,25.0,Sparta-stadion - Het Kasteel,11026
583,Paris Saint-Germain Football Club,FR1,,24,23.8,Parc des Princes,48583
621,Athletic Club Bilbao,ES1,,24,27.3,San Mamés,53289
65,SpVgg Greuther Fürth,L1,,28,24.0,Sportpark Ronhof | Thomas Sommer,16626
6646,Fatih Karagümrük,TR1,,25,23.0,Atatürk Olimpiyat,77563
677,Ipswich Town Football Club,GB1,,29,26.9,Portman Road,30056
683,Olympiakos Syndesmos Filathlon Peiraios,GR1,,26,26.4,Stadio Georgios Karaiskakis,33345
723,Almere City Football Club,NL1,,28,26.1,Yanmar Stadion,4501
855,EA Guingamp,FR1,,27,25.4,Stade du Roudourou,18120
924,Istanbulspor,TR1,,32,23.7,Esenyurt Necmi Kadıoğlu Stadyumu,4274
968,Koninklijke Voetbal Club Westerlo,BE1,,30,24.7,Het Kuipje,8035
985,Manchester United Football Club,GB1,,26,26.4,Old Trafford,74879
11282,Alanyaspor,TR1,,24,26.8,Gain Park Stadyumu,9784
1132,Burnley FC,GB1,,28,24.8,Turf Moor,21994
1435,Go Ahead Eagles,NL1,,25,24.2,De Adelaarshorst,10000
150,Real Betis Balompié S.A.D.,ES1,,25,28.3,Benito Villamarín,60721
152,Samsunspor,TR1,,27,26.4,Samsun Yeni 19 Mayıs,33303
172,Royal Charleroi Sporting Club,BE1,,26,24.4,Stade du Pays de Charleroi,15113
18303,FC Oleksandriya,UKR1,,29,26.3,KSK Nika,7000
2410,PFK CSKA Moskva,RU1,,25,25.4,VEB Arena,30114
2503,Boavista Futebol Clube,PO1,,34,26.4,Estádio do Bessa Século XXI,28263
26459,NK Veres Rivne,UKR1,,23,25.8,Stadion Avangard (2022),7122
2671,PAS Giannina,GR1,,21,23.8,Stadio Zosimades,7652
2700,Anzhi Makhachkala ( -2022),RU1,,0,,RDYuSSh MinObrNauki RD Politekh Makhachkala,1600
28095,FK Ufa,RU1,,26,24.4,Neftyanik,15132
2999,Hamilton Academical FC,SC1,,28,22.8,Fountain of Youth Stadium,6018
3368,Levante UD,ES1,,23,27.5,Ciutat de València,26354
338,Futbolniy Klub Dynamo Kyiv,UKR1,,28,25.2,Valeriy Lobanovsky Stadion,16873
371,The Celtic Football Club,SC1,,25,27.2,Celtic Park,60832
506,Juventus Football Club,IT1,,27,25.5,Allianz Stadium,41507
618,Association sportive de Saint-Étienne Loire,FR1,,27,26.8,Stade Geoffroy-Guichard,41965
6992,ZAO FK Chornomorets Odessa,UKR1,,36,24.4,Stadion Chornomorets (2011),34164
75231,Dinamo Makhachkala,RU1,,25,24.4,Anzhi-Arena,24173
820,Genclerbirligi Ankara,TR1,,34,26.1,Eryaman Stadyumu,20560
1083,FK Rostov,RU1,,26,25.1,Rostov Arena,45415
1095,ESTAC Troyes,FR1,,29,23.1,Stade de l'Aube,21877
121,FK Dinamo Moskva,RU1,,25,26.1,VTB-Arena,25716
1420,Angers Sporting Club de l'Ouest,FR1,,28,26.9,Stade Raymond Kopa,19350
16245,FK Sevastopol (- 2014),UKR1,,0,,SK Sevastopol,5826
22110,FC Helsingör,DK1,,23,24.6,Helsingør Ny Stadion,4000
23826,RasenBallsport Leipzig,L1,,26,25.1,Red Bull Arena,47069
24245,Ümraniyespor,TR1,,12,25.8,Ümraniye Belediyesi Şehir Stadı,3513
2687,Cádiz CF,ES1,,26,28.7,Nuevo Mirandilla,21094
2696,PFK Krylya Sovetov Samara,RU1,,29,26.9,Solidarnost Samara Arena,42347
2919,Associazione Calcio Monza,IT1,,31,26.5,Brianteo,17102
317,Football Club Twente,NL1,,25,25.5,De Grolsch Veste,30205
3209,Pendikspor,TR1,,30,28.4,Pendik Stadı,4105
339,Dnipro Dnipropetrovsk (-2020),UKR1,,0,,Meteor,24381
3524,Clermont Foot 63,FR1,,30,23.9,Stade Gabriel-Montpied,10800
398,Società Sportiva Lazio S.p.A.,IT1,,31,26.4,Olimpico di Roma,70634
4171,Benevento Calcio,IT1,,31,26.7,Ciro Vigorito,16867
418,Real Madrid Club de Fútbol,ES1,,24,27.0,Santiago Bernabéu,81044
49702,FK Nizhny Novgorod,RU1,,25,25.4,Nizhny Novgorod Stadium,44242
54189,RWD Molenbeek,BE1,,23,23.2,Edmond Machtensstadion,8090
6574,US Sassuolo,IT1,,32,23.8,Mapei Stadium - Città del Tricolore,21584
7179,CD Tondela,PO1,,26,22.8,Estádio João Cardoso,5000
720,Futebol Clube do Porto,PO1,,26,25.3,Estádio do Dragão,50033
738,Le Havre Athletic Club,FR1,,27,26.4,Stade Océane,25178
89,1. Fußballclub Union Berlin,L1,,27,27.6,Stadion An der Alten Försterei,22012
940,Real Club Celta de Vigo S. A. D.,ES1,,24,27.0,Abanca Balaídos,24870
1387,Siena FC,IT1,,20,25.5,Artemio Franchi,15373
1390,Cagliari Calcio,IT1,,24,27.1,Unipol Domus,16365
1416,Amiens SC,FR1,,24,24.1,Stade Crédit Agricole la Licorne,12999
1467,Göztepe Sportif Yatırımlar A.Ş.,TR1,,27,25.7,Gürsel Aksel Stadyumu,20756
167,Fußball-Club Augsburg 1907,L1,,27,26.3,WWK ARENA,30660
232,FK Spartak Moskva,RU1,,24,27.1,Lukoil Arena,44571
2420,Vitória Sport Clube,PO1,,26,26.2,Estádio D. Afonso Henriques,30029
2424,Gil Vicente Futebol Clube,PO1,,26,25.6,Estádio Cidade de Barcelos,12046
2439,Kuban Krasnodar (-2018),RU1,,0,,Kuban Stadium,31654
2703,Spartak Vladikavkaz (-2020),RU1,,0,,Republican Stadium Spartak,32464
289,Sunderland AFC,GB1,,26,23.5,Stadium of Light,48707
2921,Delfino Pescara 1936,IT1,,28,24.6,Adriatico,20476
3,1.FC Köln,L1,,34,24.6,RheinEnergieSTADION,50000
3719,FK Khimki,RU1,,24,27.3,Arena Khimki,18636
3729,Arsenal Tula,RU1,,27,27.4,Arsenal,19241
3840,Adana Demirspor Kulübü,TR1,,24,23.1,Yeni Adana Stadyumu,30960
430,Associazione Calcio Fiorentina,IT1,,25,25.9,Artemio Franchi,43147
4482,Volyn Lutsk,UKR1,,0,,Stadion Avangard,12080
48726,FC Rukh Lviv,UKR1,,26,22.8,Arena Lviv,34725
5,Associazione Calcio Milan,IT1,,26,26.3,Giuseppe Meazza,75923
512,Stoke City,GB1,,24,26.7,bet365 Stadium,30089
5818,Hobro IK,DK1,,22,24.8,DS Arena,7500
60949,Volou Neos Podosferikos Syllogos,GR1,,28,27.6,Panthessaliko Stadio,22700
678,Aarhus Gymnastik Forening,DK1,,24,27.4,Ceres Park Vejlby,12000
7775,Hatayspor Futbol Kulübü,TR1,,24,26.0,Mersin Stadyumu,25000
826,Racing Club de Lens,FR1,,26,26.8,Stade Bollaert-Delelis,38223
8838,Zirka Kropyvnytskyi,UKR1,,7,27.4,Zirka,14628
897,Deportivo de La Coruña,ES1,,24,27.7,Abanca Riazor,32912
987,Motherwell Football Club,SC1,,34,25.9,Fir Park,13677
1063,Viborg Fodsports Forening,DK1,,25,23.8,Viborg Stadion,10000
1085,Vitória Setúbal FC,PO1,,29,26.0,Estádio do Bonfim,18642
11,Arsenal Football Club,GB1,,24,26.8,Emirates Stadium,60704
126,Çaykur Rizespor Kulübü,TR1,,25,25.8,Çaykur Didi,14850
1627,Catania FC,IT1,,27,26.0,Cibali - Angelo Massimino,20204
16795,Granada CF,ES1,,24,26.1,Nuevo Los Cármenes,19336
204,Lierse SK (- 2018),BE1,,0,,Herman Vanderpoortenstadion,14538
2227,SK Tavriya Simferopol ( - 2022),UKR1,,0,,RS Lokomotiv,19978
2239,US Cremonese,IT1,,29,25.4,Giovanni Zini,16003
252,Genoa Cricket and Football Club,IT1,,29,26.5,Luigi Ferraris,34901
281,Manchester City Football Club,GB1,,28,26.7,Etihad Stadium,55097
3302,UD Almería,ES1,,24,25.2,Power Horse Stadium,18331
39,1. Fußball- und Sportverein Mainz 05,L1,,24,27.2,Mewa Arena,33305
3999,PAS Lamia 1964,GR1,,29,26.4,"Stadio Lamia ""Athanasios Diakos""",5500
405,Aston Villa Football Club,GB1,,24,27.7,Villa Park,42918
441,Apollon Smyrnis,GR1,,27,27.3,Stadio Neas Smyrnis,11700
5219,AOK Kerkyra,GR1,,8,28.1,Ethniko Stadio Kerkyras,3000
543,Wolverhampton Wanderers Football Club,GB1,,31,26.4,Molineux Stadium,31750
60,Sport-Club Freiburg,L1,,27,27.4,Europa-Park Stadion,34700
61825,FC Minaj,UKR1,,25,23.6,Minaj-Arena,1312
63007,LNZ Cherkasy,UKR1,,26,25.8,Cherkasy-Arena,10321
660,FC Shakhtar Donetsk,UKR1,,31,23.8,Arena Lviv,34725
6894,Kayseri Erciyesspor,TR1,,0,,Kayseri Atatürk Spor Kompleksi Yan Açık Saha,2000
6912,FC Vizela,PO1,,27,24.6,Estádio do Vizela,6565
714,Reial Club Deportiu Espanyol de Barcelona S.A.D.,ES1,,28,26.1,RCDE Stadium,40500
798,Excelsior Rotterdam,NL1,,25,22.2,Van Donge & De Roo Stadion - Woudestein,4400
862,Chievo Verona,IT1,,0,,Marcantonio Bentegodi,31045
8970,Frosinone Calcio,IT1,,31,23.8,Benito Stirpe,16227
9007,Arsenal Kyiv,UKR1,,0,,NSK Olimpisky,70050
12321,Girona Fútbol Club S. A. D.,ES1,,26,27.6,Montilivi,14624
1241,Livingston FC,SC1,,25,26.9,Home of the Set Fare Arena,9512
127,SC Paderborn 07,L1,,26,25.7,Home Deluxe Arena,15000
19,Brescia Calcio,IT1,,28,25.1,Mario Rigamonti,19550
23,Eintracht Braunschweig,L1,,30,25.6,EINTRACHT-Stadion,23325
33,FC Schalke 04,L1,,27,26.4,Veltins-Arena,62271
350,Sheffield United,GB1,,28,24.2,Bramall Lane,32702
3592,FK Kryvbas Kryvyi Rig,UKR1,,27,24.6,Girnyk,3219
369,Lyngby Boldklubben af 1921,DK1,,27,25.6,Lyngby Stadion,10000
3725,RFK Akhmat Grozny,RU1,,27,27.9,Akhmat-Arena,30200
41201,PFK Tambov (-2021),RU1,,0,,Mordovia Arena,44149
472,Unión Deportiva Las Palmas S.A.D.,ES1,,25,27.5,Estadio de Gran Canaria,32400
520,Cercle Brugge Koninklijke Sportvereniging,BE1,,30,23.2,Jan Breydelstadion,29062
6418,Panetolikos Agrinio,GR1,,29,25.3,Gipedo Panetolikou,7321
653,Omilos Filathlon Irakliou FC,GR1,,33,26.1,Gipedo Theodoros Vardinogiannis,9088
6994,Metalurg Zaporizhya (-2016),UKR1,,0,,Slavutych Arena,11883
7378,Portimonense SC,PO1,,35,23.3,Estádio Municipal de Portimão,4961
9010,FC Verbroedering Denderhoutem Denderleeuw Eendracht Hekelgem,BE1,,29,25.9,Dender Football Complex,6429
982,Clube Desportivo Nacional,PO1,,29,26.7,Estádio da Madeira,5200
1005,Unione Sportiva Lecce,IT1,,34,25.0,Ettore Giardiniero,31559
1038,UC Sampdoria,IT1,,33,24.3,Luigi Ferraris,36348
1091,Panthessalonikios Athlitikos Omilos Konstantinoupoliton,GR1,,31,29.1,Toumba Stadium,28703
110302,Avs - Futebol SAD,PO1,,28,28.5,Estádio do Clube Desportivo das Aves,8560
1210,US Livorno 1915,IT1,,29,24.1,Armando Picchi,19238
1245,KAS Eupen,BE1,,25,24.0,Kehrweg-Stadion,8361
1426,VVV-Venlo,NL1,,28,22.9,Covebo Stadion - De Koel,8000
1533,SD Eibar,ES1,,26,28.3,Ipurua,8164
180,Southampton Football Club,GB1,,30,26.1,St Mary's Stadium,32384
19657,Vendsyssel FF,DK1,,24,25.1,Nord Energi Arena,10000
234,Feyenoord Rotterdam,NL1,,33,24.4,"Stadion Feyenoord ""De Kuip""",47500
2375,Altay SK,TR1,,31,25.3,Alsancak Mustafa Denizli Stadı,15000
2448,Sporting Gijón,ES1,,28,26.2,El Molinón - Enrique Castro Quini,29029
2741,Baltika Kaliningrad,RU1,,27,24.2,Rostec Arena,35000
2783,Metalurg Donetsk (- 2015),UKR1,,0,,Metalurg,5090
3205,Kayserispor Kulübü,TR1,,28,27.4,RHG Enertürk Enerji Stadyumu,31856
3349,CD Feirense,PO1,,24,25.0,Estádio Marcolino de Castro,5401
3385,Panserraikos Serres,GR1,,38,25.5,Dimotiko Gipedo Serron,9500
368,Sevilla Fútbol Club S.A.D.,ES1,,23,26.1,Ramón Sánchez-Pizjuán,43883
38,Fortuna Düsseldorf,L1,,29,25.9,MERKUR SPIEL-ARENA,54600
3948,Royale Union Saint-Gilloise,BE1,,26,25.1,Stade Joseph Mariën,9512
415,Toulouse Football Club,FR1,,25,25.0,Stadium Municipal,33150
416,Torino Calcio,IT1,,29,26.9,Olimpico Grande Torino,28177
417,Olympique Gymnaste Club Nice Côte d'Azur,FR1,,27,26.2,Allianz Riviera,36178
44,Hertha BSC,L1,,36,24.1,Olympiastadion Berlin,74667
467,Nijmegen Eendracht Combinatie,NL1,,28,25.4,Goffertstadion,12650
53646,FK Polissya Zhytomyr,UKR1,,27,25.4,Tsentralnyi Polissya,5928
631,Chelsea Football Club,GB1,,30,23.7,Stamford Bridge,41631
7160,Eyüp Spor Kulübü,TR1,,29,28.5,Recep Tayyip Erdoğan Stadyumu,13797
749,Empoli Football Club S.r.l.,IT1,,28,26.3,Carlo Castellani,19847
833,Denizlispor,TR1,,27,25.8,Denizli Atatürk Stadı,18745
865,Fodbold Club Midtjylland,DK1,,26,24.7,MCH Arena,12152
10,Arminia Bielefeld,L1,,27,25.3,SchücoArena,26515
10484,Kasımpaşa Spor Kulübü,TR1,,30,25.9,Recep Tayyip Erdoğan Stadyumu,13797
1049,Valencia Club de Fútbol S. A. D.,ES1,,26,25.9,Mestalla,49430
1053,Aalborg Boldspilklub,DK1,,25,23.3,Aalborg Portland Park,13310
1075,Sporting Clube de Braga,PO1,,26,24.7,Estádio Municipal de Braga,30286
1269,Prins Hendrik Ende Desespereert Nimmer Combinatie Zwolle,NL1,,26,25.1,MAC³PARK stadion,14000
132,Nooit Opgeven Altijd Doorzetten Aangenaam Door Vermaak En Nuttig Door Ontspanning Combinatie Breda,NL1,,30,25.3,Rat Verlegh Stadion,19000
2292,Elazigspor,TR1,,28,25.3,Elazığ Stadyumu,23000
27,FC Bayern München,L1,,26,27.7,Allianz Arena,75000
2759,Ross County Football Club,SC1,,24,25.6,Global Energy Stadium,6541
2778,Fodbold Club Nordsjælland,DK1,,26,22.9,Right to Dream Park,10300
29,Everton Football Club,GB1,,25,28.0,Goodison Park,39414
290,Association de la Jeunesse auxerroise,FR1,,28,25.3,Stade de l'Abbé-Deschamps,18541
30120,AE Kifisias,GR1,,26,26.1,"Gipedo Kesarianis ""Michalis Kritikopoulos""",4851
306,Sportclub Heerenveen,NL1,,30,24.3,Abe Lenstra Stadion,27224
3062,Athens Kallithea Football Club,GR1,,29,28.3,Apostolos Nikolaidis,16620
3268,Casa Pia Atlético Clube,PO1,,28,26.3,Estádio Municipal de Rio Maior,7000
347,FC Metz,FR1,,26,25.0,Stade Saint-Symphorien,28786
3714,Enisey Krasnoyarsk,RU1,,26,25.6,Zentralstadion Krasnoyarsk,15000
399,Leeds United,GB1,,27,24.6,Elland Road,37890
4083,FC Crotone,IT1,,25,27.0,Ezio Scida,16640
465,Saint Mirren Football Club,SC1,,25,26.3,The SMISA Stadium,7937
48332,FK Kolos Kovalivka,UKR1,,26,25.6,Kolos,5050
533,Turn- und Sportgemeinschaft 1899 Hoffenheim Fußball-Spielbetriebs,L1,,33,26.0,PreZero Arena,30150
58,Royal Sporting Club Anderlecht,BE1,,28,25.2,Lotto Park,21900
607,Venezia Football Club,IT1,,30,26.2,Pier Luigi Penzo,12048
68608,CF Os Belenenses,PO1,,30,25.7,Estádio do Restelo,19980
724,FC Volendam,NL1,,25,23.4,Kras Stadion,7384
800,Atalanta Bergamasca Calcio S.p.a.,IT1,,26,27.7,Gewiss Stadium,24950
85465,FK Karpaty Lviv,UKR1,,29,25.6,Ukraina,28051
979,Moreirense Futebol Clube,PO1,,26,26.4,Estádio C. J. de Almeida Freitas,6150
984,West Bromwich Albion,GB1,,25,27.8,The Hawthorns,26850
